[{"model": "bitr24.chat", "pk": 1, "fields": {"chat_id": 241462113, "first_name": "Marat", "last_name": "S", "slug": "marat-1584105249", "username": "Marat2010", "lang_code": "ru", "date_chat": "2020-03-13T13:14:09.775+03:00", "bitrs": [2, 1]}}, {"model": "bitr24.chat", "pk": 2, "fields": {"chat_id": 1080498053, "first_name": "Linux", "last_name": "Mint", "slug": "linux-1584822431", "username": "Linux", "lang_code": "ru", "date_chat": "2020-03-21T23:27:11.324+03:00", "bitrs": [3, 2, 1]}}, {"model": "bitr24.chat", "pk": 3, "fields": {"chat_id": 1213466945, "first_name": "\u0413\u0430\u043c\u0438\u0440", "last_name": "-", "slug": "\u0433\u0430\u043c\u0438\u0440-1588807008", "username": "\u0413\u0430\u043c\u0438\u0440", "lang_code": "ru", "date_chat": "2020-05-07T02:16:48.422+03:00", "bitrs": [3]}}, {"model": "bitr24.chat", "pk": 4, "fields": {"chat_id": 981074927, "first_name": "Test", "last_name": "Dj", "slug": "test-1588807343", "username": "TestDjMara", "lang_code": "ru", "date_chat": "2020-05-07T02:22:23.832+03:00", "bitrs": [3]}}, {"model": "bitr24.bitr", "pk": 1, "fields": {"bx24_id": 1, "bx24_name": "Marat", "slug": "marat-1584129369", "expires": "2020-05-07T02:47:30+03:00", "access_token": "924cb35e0043368600433656000000010000032aeb1db575f8f0ed8fc66d584ff08dda", "refresh_token": "82cbda5e0043368600433656000000010000031231ef11b91a025f296d3b95d23d6352", "date_bx24": "2020-03-13T19:56:09.345+03:00"}}, {"model": "bitr24.bitr", "pk": 2, "fields": {"bx24_id": 15, "bx24_name": "Bi_Linux", "slug": "bi_linux-1584822464", "expires": "2020-05-07T03:55:50+03:00", "access_token": "965cb35e00433686004336560000000f000003156751cfe8ce04a7722c326a80d8b111", "refresh_token": "86dbda5e00433686004336560000000f0000035fc610ff15875145a29e87b750654d55", "date_bx24": "2020-03-21T23:27:44.925+03:00"}}, {"model": "bitr24.bitr", "pk": 3, "fields": {"bx24_id": 9, "bx24_name": "Mara2017", "slug": "mara2017-1584824541", "expires": "2020-05-07T04:00:14+03:00", "access_token": "9e5db35e004336860043365600000009000003eef1bd2b4849cf13afbbf9309fa7684d", "refresh_token": "8edcda5e004336860043365600000009000003163800128db78720898e7703057d66ba", "date_bx24": "2020-03-22T00:02:21.816+03:00"}}, {"model": "bitr24.messages", "pk": 223, "fields": {"message": "\u0420\u043e\u0434", "date_msg": "2020-03-22T02:28:14.786+03:00", "chat": 1}}, {"model": "bitr24.messages", "pk": 224, "fields": {"message": "P", "date_msg": "2020-03-22T02:58:57.897+03:00", "chat": 1}}, {"model": "bitr24.messages", "pk": 225, "fields": {"message": "P", "date_msg": "2020-03-22T22:12:13.263+03:00", "chat": 2}}, {"model": "bitr24.messages", "pk": 234, "fields": {"message": "/AUTH-b1915", "date_msg": "2020-03-25T19:33:01.943+03:00", "chat": 2}}, {"model": "bitr24.messages", "pk": 235, "fields": {"message": "P", "date_msg": "2020-03-25T19:33:13.690+03:00", "chat": 2}}, {"model": "bitr24.messages", "pk": 236, "fields": {"message": "/AUTH", "date_msg": "2020-03-25T19:34:22.128+03:00", "chat": 2}}, {"model": "bitr24.messages", "pk": 237, "fields": {"message": "/AUTH-3591", "date_msg": "2020-03-25T19:34:55.694+03:00", "chat": 2}}, {"model": "bitr24.messages", "pk": 239, "fields": {"message": "/AUTH-6699", "date_msg": "2020-03-25T19:35:44.707+03:00", "chat": 2}}, {"model": "bitr24.messages", "pk": 240, "fields": {"message": "P", "date_msg": "2020-03-25T19:35:49.008+03:00", "chat": 2}}, {"model": "bitr24.messages", "pk": 241, "fields": {"message": "P", "date_msg": "2020-03-25T19:43:45.366+03:00", "chat": 2}}, {"model": "bitr24.messages", "pk": 252, "fields": {"message": "P", "date_msg": "2020-05-07T01:13:30.075+03:00", "chat": 2}}, {"model": "bitr24.messages", "pk": 261, "fields": {"message": "/AUTH-6b415", "date_msg": "2020-05-07T01:25:42.221+03:00", "chat": 2}}, {"model": "bitr24.messages", "pk": 271, "fields": {"message": "/L", "date_msg": "2020-05-07T01:30:52.427+03:00", "chat": 2}}, {"model": "bitr24.messages", "pk": 278, "fields": {"message": "P", "date_msg": "2020-05-07T01:36:41.861+03:00", "chat": 2}}, {"model": "bitr24.messages", "pk": 279, "fields": {"message": "/L", "date_msg": "2020-05-07T01:36:48.082+03:00", "chat": 2}}, {"model": "bitr24.messages", "pk": 280, "fields": {"message": "\u041b\u0438\u0434\u044b", "date_msg": "2020-05-07T01:38:03.728+03:00", "chat": 2}}, {"model": "bitr24.messages", "pk": 281, "fields": {"message": "\u041b\u0438\u0434\u044b", "date_msg": "2020-05-07T01:38:07.281+03:00", "chat": 2}}, {"model": "bitr24.messages", "pk": 282, "fields": {"message": "\u041b\u0438\u0434\u044b", "date_msg": "2020-05-07T01:38:12.924+03:00", "chat": 2}}, {"model": "bitr24.messages", "pk": 283, "fields": {"message": "\u041b\u0438\u0434\u044b", "date_msg": "2020-05-07T01:38:22.501+03:00", "chat": 2}}, {"model": "bitr24.messages", "pk": 284, "fields": {"message": "\u041b\u0438\u0434\u044b", "date_msg": "2020-05-07T01:38:40.112+03:00", "chat": 2}}, {"model": "bitr24.messages", "pk": 285, "fields": {"message": "\u041b\u0438\u0434\u044b", "date_msg": "2020-05-07T01:40:12.082+03:00", "chat": 2}}, {"model": "bitr24.messages", "pk": 286, "fields": {"message": "P", "date_msg": "2020-05-07T01:43:24.070+03:00", "chat": 2}}, {"model": "bitr24.messages", "pk": 289, "fields": {"message": "/AUTH-9241", "date_msg": "2020-05-07T01:47:44.998+03:00", "chat": 1}}, {"model": "bitr24.messages", "pk": 290, "fields": {"message": "P", "date_msg": "2020-05-07T01:53:21.788+03:00", "chat": 1}}, {"model": "bitr24.messages", "pk": 295, "fields": {"message": "/start", "date_msg": "2020-05-07T02:17:01.696+03:00", "chat": 3}}, {"model": "bitr24.messages", "pk": 296, "fields": {"message": "/start", "date_msg": "2020-05-07T02:18:13.234+03:00", "chat": 3}}, {"model": "bitr24.messages", "pk": 297, "fields": {"message": "/AUTH-a259", "date_msg": "2020-05-07T02:18:24.381+03:00", "chat": 3}}, {"model": "bitr24.messages", "pk": 298, "fields": {"message": "P", "date_msg": "2020-05-07T02:18:48.843+03:00", "chat": 3}}, {"model": "bitr24.messages", "pk": 299, "fields": {"message": "P", "date_msg": "2020-05-07T02:19:51.360+03:00", "chat": 3}}, {"model": "bitr24.messages", "pk": 300, "fields": {"message": "P", "date_msg": "2020-05-07T02:20:55.427+03:00", "chat": 3}}, {"model": "bitr24.messages", "pk": 301, "fields": {"message": "P", "date_msg": "2020-05-07T02:22:23.849+03:00", "chat": 4}}, {"model": "bitr24.messages", "pk": 302, "fields": {"message": "/AUTH-e659", "date_msg": "2020-05-07T02:23:25.006+03:00", "chat": 4}}, {"model": "bitr24.messages", "pk": 303, "fields": {"message": "/AUTH-e659", "date_msg": "2020-05-07T02:24:27.694+03:00", "chat": 4}}, {"model": "bitr24.messages", "pk": 304, "fields": {"message": "P", "date_msg": "2020-05-07T02:25:27.962+03:00", "chat": 4}}, {"model": "bitr24.messages", "pk": 305, "fields": {"message": "/AUTH-e659", "date_msg": "2020-05-07T02:25:32.057+03:00", "chat": 4}}, {"model": "bitr24.messages", "pk": 306, "fields": {"message": "/AUTH-e659", "date_msg": "2020-05-07T02:26:40.662+03:00", "chat": 4}}, {"model": "bitr24.messages", "pk": 307, "fields": {"message": "L", "date_msg": "2020-05-07T02:27:40.911+03:00", "chat": 3}}, {"model": "bitr24.messages", "pk": 308, "fields": {"message": "L", "date_msg": "2020-05-07T02:27:54.906+03:00", "chat": 3}}, {"model": "bitr24.messages", "pk": 309, "fields": {"message": "/AUTH-e659", "date_msg": "2020-05-07T02:28:05.686+03:00", "chat": 4}}, {"model": "bitr24.messages", "pk": 310, "fields": {"message": "/L Hi hi ---- 07 may))", "date_msg": "2020-05-07T02:28:10.427+03:00", "chat": 3}}, {"model": "bitr24.messages", "pk": 311, "fields": {"message": "P", "date_msg": "2020-05-07T02:30:31.880+03:00", "chat": 3}}, {"model": "bitr24.messages", "pk": 312, "fields": {"message": "P", "date_msg": "2020-05-07T02:30:39.236+03:00", "chat": 3}}, {"model": "bitr24.messages", "pk": 314, "fields": {"message": "P", "date_msg": "2020-05-07T02:56:52.133+03:00", "chat": 2}}, {"model": "bitr24.messages", "pk": 315, "fields": {"message": "/AUTH", "date_msg": "2020-05-07T02:57:40.691+03:00", "chat": 2}}, {"model": "bitr24.messages", "pk": 316, "fields": {"message": "/AUTH", "date_msg": "2020-05-07T02:58:42.636+03:00", "chat": 2}}, {"model": "bitr24.messages", "pk": 317, "fields": {"message": "/AUTH", "date_msg": "2020-05-07T02:58:59.713+03:00", "chat": 2}}, {"model": "bitr24.messages", "pk": 318, "fields": {"message": "/AUTH-9e59", "date_msg": "2020-05-07T03:00:29.168+03:00", "chat": 2}}, {"model": "bitr24.messages", "pk": 319, "fields": {"message": "T", "date_msg": "2020-05-07T03:01:11.182+03:00", "chat": 2}}, {"model": "bitr24.messages", "pk": 320, "fields": {"message": "P", "date_msg": "2020-05-07T03:01:59.725+03:00", "chat": 3}}, {"model": "bitr24.messages", "pk": 321, "fields": {"message": "P", "date_msg": "2020-05-07T03:03:01.641+03:00", "chat": 3}}, {"model": "bitr24.messages", "pk": 322, "fields": {"message": "P", "date_msg": "2020-05-07T03:04:05.723+03:00", "chat": 3}}]