[{"model": "bitr24.chat", "pk": 1, "fields": {"chat_id": 241462113, "first_name": "Marat", "last_name": "S", "slug": "marat-1584105249", "username": "Marat2010", "lang_code": "ru", "date_chat": "2020-03-13T13:14:09.775+03:00", "bitrs": [2, 1]}}, {"model": "bitr24.chat", "pk": 2, "fields": {"chat_id": 1080498053, "first_name": "Linux", "last_name": "Mint", "slug": "linux-1584822431", "username": "Linux", "lang_code": "ru", "date_chat": "2020-03-21T23:27:11.324+03:00", "bitrs": [3, 2, 1]}}, {"model": "bitr24.chat", "pk": 3, "fields": {"chat_id": 1213466945, "first_name": "\u0413\u0430\u043c\u0438\u0440", "last_name": "-", "slug": "\u0433\u0430\u043c\u0438\u0440-1588807008", "username": "\u0413\u0430\u043c\u0438\u0440", "lang_code": "ru", "date_chat": "2020-05-07T02:16:48.422+03:00", "bitrs": [3]}}, {"model": "bitr24.chat", "pk": 4, "fields": {"chat_id": 981074927, "first_name": "Test", "last_name": "Dj", "slug": "test-1588807343", "username": "TestDjMara", "lang_code": "ru", "date_chat": "2020-05-07T02:22:23.832+03:00", "bitrs": [3]}}, {"model": "bitr24.bitr", "pk": 1, "fields": {"bx24_id": 1, "bx24_name": "Marat", "slug": "marat-1584129369", "expires": "2020-05-07T02:47:30+03:00", "access_token": "924cb35e0043368600433656000000010000032aeb1db575f8f0ed8fc66d584ff08dda", "refresh_token": "82cbda5e0043368600433656000000010000031231ef11b91a025f296d3b95d23d6352", "date_bx24": "2020-03-13T19:56:09.345+03:00"}}, {"model": "bitr24.bitr", "pk": 2, "fields": {"bx24_id": 15, "bx24_name": "Bi_Linux", "slug": "bi_linux-1584822464", "expires": "2020-05-07T03:55:50+03:00", "access_token": "965cb35e00433686004336560000000f000003156751cfe8ce04a7722c326a80d8b111", "refresh_token": "86dbda5e00433686004336560000000f0000035fc610ff15875145a29e87b750654d55", "date_bx24": "2020-03-21T23:27:44.925+03:00"}}, {"model": "bitr24.bitr", "pk": 3, "fields": {"bx24_id": 9, "bx24_name": "Mara2017", "slug": "mara2017-1584824541", "expires": "2020-05-07T04:00:14+03:00", "access_token": "9e5db35e004336860043365600000009000003eef1bd2b4849cf13afbbf9309fa7684d", "refresh_token": "8edcda5e004336860043365600000009000003163800128db78720898e7703057d66ba", "date_bx24": "2020-03-22T00:02:21.816+03:00"}}, {"model": "bitr24.messages", "pk": 138, "fields": {"message": "P", "date_msg": "2020-03-21T15:22:57.575+03:00", "chat": 1}}, {"model": "bitr24.messages", "pk": 139, "fields": {"message": "T", "date_msg": "2020-03-21T15:23:13.664+03:00", "chat": 1}}, {"model": "bitr24.messages", "pk": 140, "fields": {"message": "P", "date_msg": "2020-03-21T21:17:55.831+03:00", "chat": 1}}, {"model": "bitr24.messages", "pk": 141, "fields": {"message": "/AUTH-8161", "date_msg": "2020-03-21T21:18:41.993+03:00", "chat": 1}}, {"model": "bitr24.messages", "pk": 142, "fields": {"message": "/AUTH-8161", "date_msg": "2020-03-21T21:18:44.287+03:00", "chat": 1}}, {"model": "bitr24.messages", "pk": 143, "fields": {"message": "/AUTH-8161", "date_msg": "2020-03-21T21:18:48.572+03:00", "chat": 1}}, {"model": "bitr24.messages", "pk": 144, "fields": {"message": "/AUTH-8161", "date_msg": "2020-03-21T21:24:49.091+03:00", "chat": 1}}, {"model": "bitr24.messages", "pk": 145, "fields": {"message": "/AUTH-8161", "date_msg": "2020-03-21T22:32:04.616+03:00", "chat": 1}}, {"model": "bitr24.messages", "pk": 146, "fields": {"message": "/AUTH-8161", "date_msg": "2020-03-21T22:32:07.028+03:00", "chat": 1}}, {"model": "bitr24.messages", "pk": 147, "fields": {"message": "/AUTH-8161", "date_msg": "2020-03-21T22:32:11.326+03:00", "chat": 1}}, {"model": "bitr24.messages", "pk": 148, "fields": {"message": "/AUTH-8161", "date_msg": "2020-03-21T22:32:19.640+03:00", "chat": 1}}, {"model": "bitr24.messages", "pk": 149, "fields": {"message": "/AUTH-8161", "date_msg": "2020-03-21T22:33:08.562+03:00", "chat": 1}}, {"model": "bitr24.messages", "pk": 150, "fields": {"message": "P", "date_msg": "2020-03-21T22:33:25.791+03:00", "chat": 1}}, {"model": "bitr24.messages", "pk": 151, "fields": {"message": "/AUTH-4b71", "date_msg": "2020-03-21T22:34:49.017+03:00", "chat": 1}}, {"model": "bitr24.messages", "pk": 152, "fields": {"message": "P", "date_msg": "2020-03-21T22:40:46.510+03:00", "chat": 1}}, {"model": "bitr24.messages", "pk": 153, "fields": {"message": "P", "date_msg": "2020-03-21T22:42:14.125+03:00", "chat": 1}}, {"model": "bitr24.messages", "pk": 154, "fields": {"message": "T", "date_msg": "2020-03-21T23:25:52.379+03:00", "chat": 1}}, {"model": "bitr24.messages", "pk": 155, "fields": {"message": "P", "date_msg": "2020-03-21T23:27:11.342+03:00", "chat": 2}}, {"model": "bitr24.messages", "pk": 156, "fields": {"message": "/AUTH-d0815", "date_msg": "2020-03-21T23:29:13.968+03:00", "chat": 2}}, {"model": "bitr24.messages", "pk": 157, "fields": {"message": "P", "date_msg": "2020-03-21T23:30:20.511+03:00", "chat": 2}}, {"model": "bitr24.messages", "pk": 158, "fields": {"message": "/help", "date_msg": "2020-03-21T23:33:29.367+03:00", "chat": 2}}, {"model": "bitr24.messages", "pk": 159, "fields": {"message": "\u041b\u0438\u0434\u044b", "date_msg": "2020-03-21T23:33:50.575+03:00", "chat": 2}}, {"model": "bitr24.messages", "pk": 160, "fields": {"message": "/L", "date_msg": "2020-03-21T23:34:10.741+03:00", "chat": 2}}, {"model": "bitr24.messages", "pk": 161, "fields": {"message": "/AUTH", "date_msg": "2020-03-21T23:34:27.865+03:00", "chat": 2}}, {"model": "bitr24.messages", "pk": 162, "fields": {"message": "T", "date_msg": "2020-03-21T23:37:19.656+03:00", "chat": 1}}, {"model": "bitr24.messages", "pk": 163, "fields": {"message": "T", "date_msg": "2020-03-21T23:37:22.265+03:00", "chat": 1}}, {"model": "bitr24.messages", "pk": 164, "fields": {"message": "T", "date_msg": "2020-03-21T23:37:26.609+03:00", "chat": 1}}, {"model": "bitr24.messages", "pk": 165, "fields": {"message": "T", "date_msg": "2020-03-21T23:44:27.965+03:00", "chat": 1}}, {"model": "bitr24.messages", "pk": 166, "fields": {"message": "/AUTH-0b81", "date_msg": "2020-03-21T23:46:32.410+03:00", "chat": 1}}, {"model": "bitr24.messages", "pk": 167, "fields": {"message": "P", "date_msg": "2020-03-21T23:48:32.984+03:00", "chat": 1}}, {"model": "bitr24.messages", "pk": 168, "fields": {"message": "P", "date_msg": "2020-03-21T23:48:48.186+03:00", "chat": 2}}, {"model": "bitr24.messages", "pk": 169, "fields": {"message": "/AUTH-d0815", "date_msg": "2020-03-21T23:49:15.337+03:00", "chat": 2}}, {"model": "bitr24.messages", "pk": 170, "fields": {"message": "P", "date_msg": "2020-03-21T23:49:26.969+03:00", "chat": 2}}, {"model": "bitr24.messages", "pk": 171, "fields": {"message": "P", "date_msg": "2020-03-21T23:51:07.732+03:00", "chat": 2}}, {"model": "bitr24.messages", "pk": 172, "fields": {"message": "P", "date_msg": "2020-03-21T23:52:31.537+03:00", "chat": 2}}, {"model": "bitr24.messages", "pk": 173, "fields": {"message": "T", "date_msg": "2020-03-22T00:00:43.495+03:00", "chat": 2}}, {"model": "bitr24.messages", "pk": 174, "fields": {"message": "/AUTH", "date_msg": "2020-03-22T00:01:44.462+03:00", "chat": 2}}, {"model": "bitr24.messages", "pk": 175, "fields": {"message": "/AUTH-ed89", "date_msg": "2020-03-22T00:02:35.180+03:00", "chat": 2}}, {"model": "bitr24.messages", "pk": 176, "fields": {"message": "P", "date_msg": "2020-03-22T00:03:27.930+03:00", "chat": 2}}, {"model": "bitr24.messages", "pk": 177, "fields": {"message": "P", "date_msg": "2020-03-22T00:03:50.305+03:00", "chat": 1}}, {"model": "bitr24.messages", "pk": 178, "fields": {"message": "/AUTH", "date_msg": "2020-03-22T00:04:11.750+03:00", "chat": 2}}, {"model": "bitr24.messages", "pk": 179, "fields": {"message": "/AUTH-bf81", "date_msg": "2020-03-22T00:06:04.196+03:00", "chat": 2}}, {"model": "bitr24.messages", "pk": 180, "fields": {"message": "P", "date_msg": "2020-03-22T00:06:11.641+03:00", "chat": 2}}, {"model": "bitr24.messages", "pk": 181, "fields": {"message": "P", "date_msg": "2020-03-22T00:06:19.595+03:00", "chat": 1}}, {"model": "bitr24.messages", "pk": 182, "fields": {"message": "T", "date_msg": "2020-03-22T00:06:51.177+03:00", "chat": 1}}, {"model": "bitr24.messages", "pk": 183, "fields": {"message": "/L", "date_msg": "2020-03-22T00:21:53.141+03:00", "chat": 1}}, {"model": "bitr24.messages", "pk": 184, "fields": {"message": "P", "date_msg": "2020-03-22T00:22:03.386+03:00", "chat": 1}}, {"model": "bitr24.messages", "pk": 185, "fields": {"message": "/AUTH", "date_msg": "2020-03-22T00:30:31.838+03:00", "chat": 1}}, {"model": "bitr24.messages", "pk": 186, "fields": {"message": "/AUTH", "date_msg": "2020-03-22T00:30:58.384+03:00", "chat": 2}}, {"model": "bitr24.messages", "pk": 187, "fields": {"message": "P", "date_msg": "2020-03-22T00:31:06.888+03:00", "chat": 1}}, {"model": "bitr24.messages", "pk": 188, "fields": {"message": "/AUTH-bd911", "date_msg": "2020-03-22T00:32:11.802+03:00", "chat": 1}}, {"model": "bitr24.messages", "pk": 189, "fields": {"message": "/AUTH-bd115", "date_msg": "2020-03-22T00:35:38.968+03:00", "chat": 1}}, {"model": "bitr24.messages", "pk": 190, "fields": {"message": "/AUTH-bd915", "date_msg": "2020-03-22T00:36:01.039+03:00", "chat": 1}}, {"model": "bitr24.messages", "pk": 191, "fields": {"message": "P", "date_msg": "2020-03-22T00:37:44.749+03:00", "chat": 1}}, {"model": "bitr24.messages", "pk": 192, "fields": {"message": "P", "date_msg": "2020-03-22T00:42:36.346+03:00", "chat": 1}}, {"model": "bitr24.messages", "pk": 193, "fields": {"message": "P", "date_msg": "2020-03-22T00:42:39.052+03:00", "chat": 1}}, {"model": "bitr24.messages", "pk": 194, "fields": {"message": "P", "date_msg": "2020-03-22T00:45:42.225+03:00", "chat": 1}}, {"model": "bitr24.messages", "pk": 195, "fields": {"message": "P", "date_msg": "2020-03-22T00:46:43.384+03:00", "chat": 1}}, {"model": "bitr24.messages", "pk": 196, "fields": {"message": "/AUTH-6591", "date_msg": "2020-03-22T00:47:11.788+03:00", "chat": 1}}, {"model": "bitr24.messages", "pk": 197, "fields": {"message": "P", "date_msg": "2020-03-22T00:57:53.711+03:00", "chat": 1}}, {"model": "bitr24.messages", "pk": 198, "fields": {"message": "/AUTH-1b915", "date_msg": "2020-03-22T00:58:52.511+03:00", "chat": 2}}, {"model": "bitr24.messages", "pk": 199, "fields": {"message": "P", "date_msg": "2020-03-22T01:00:11.398+03:00", "chat": 1}}, {"model": "bitr24.messages", "pk": 200, "fields": {"message": "T", "date_msg": "2020-03-22T01:20:51.990+03:00", "chat": 1}}, {"model": "bitr24.messages", "pk": 201, "fields": {"message": "P", "date_msg": "2020-03-22T01:20:57.105+03:00", "chat": 2}}, {"model": "bitr24.messages", "pk": 202, "fields": {"message": "/L", "date_msg": "2020-03-22T01:21:04.744+03:00", "chat": 2}}, {"model": "bitr24.messages", "pk": 203, "fields": {"message": "/L", "date_msg": "2020-03-22T01:21:09.057+03:00", "chat": 1}}, {"model": "bitr24.messages", "pk": 204, "fields": {"message": "/L \u0414\u043e\u0431\u0440\u043e\u0439 \u043d\u043e\u0447\u0438", "date_msg": "2020-03-22T01:21:27.092+03:00", "chat": 2}}, {"model": "bitr24.messages", "pk": 205, "fields": {"message": "/L", "date_msg": "2020-03-22T01:21:42.290+03:00", "chat": 1}}, {"model": "bitr24.messages", "pk": 206, "fields": {"message": "P", "date_msg": "2020-03-22T01:22:09.512+03:00", "chat": 1}}, {"model": "bitr24.messages", "pk": 207, "fields": {"message": ")\u0417", "date_msg": "2020-03-22T01:22:12.190+03:00", "chat": 2}}, {"model": "bitr24.messages", "pk": 208, "fields": {"message": "\u0417", "date_msg": "2020-03-22T01:22:18.908+03:00", "chat": 2}}, {"model": "bitr24.messages", "pk": 209, "fields": {"message": "fdf", "date_msg": "2020-03-22T01:22:23.093+03:00", "chat": 1}}, {"model": "bitr24.messages", "pk": 210, "fields": {"message": "P", "date_msg": "2020-03-22T02:01:41.885+03:00", "chat": 1}}, {"model": "bitr24.messages", "pk": 211, "fields": {"message": "/L", "date_msg": "2020-03-22T02:04:26.977+03:00", "chat": 1}}, {"model": "bitr24.messages", "pk": 212, "fields": {"message": "/L", "date_msg": "2020-03-22T02:07:08.591+03:00", "chat": 1}}, {"model": "bitr24.messages", "pk": 213, "fields": {"message": "P", "date_msg": "2020-03-22T02:07:40.893+03:00", "chat": 2}}, {"model": "bitr24.messages", "pk": 214, "fields": {"message": "P", "date_msg": "2020-03-22T02:25:10.293+03:00", "chat": 1}}, {"model": "bitr24.messages", "pk": 215, "fields": {"message": "/AUTH-83b1", "date_msg": "2020-03-22T02:26:13.387+03:00", "chat": 1}}, {"model": "bitr24.messages", "pk": 216, "fields": {"message": "P", "date_msg": "2020-03-22T02:26:28.112+03:00", "chat": 1}}, {"model": "bitr24.messages", "pk": 217, "fields": {"message": "/L", "date_msg": "2020-03-22T02:26:54.624+03:00", "chat": 1}}, {"model": "bitr24.messages", "pk": 218, "fields": {"message": "T", "date_msg": "2020-03-22T02:27:04.560+03:00", "chat": 1}}, {"model": "bitr24.messages", "pk": 219, "fields": {"message": "P", "date_msg": "2020-03-22T02:27:13.805+03:00", "chat": 1}}, {"model": "bitr24.messages", "pk": 220, "fields": {"message": "\u041b\u0438\u0434\u044b", "date_msg": "2020-03-22T02:27:39.628+03:00", "chat": 2}}, {"model": "bitr24.messages", "pk": 221, "fields": {"message": "\u041b\u0438\u0434\u044b", "date_msg": "2020-03-22T02:27:49.783+03:00", "chat": 1}}, {"model": "bitr24.messages", "pk": 222, "fields": {"message": "xc", "date_msg": "2020-03-22T02:28:07.107+03:00", "chat": 2}}, {"model": "bitr24.messages", "pk": 223, "fields": {"message": "\u0420\u043e\u0434", "date_msg": "2020-03-22T02:28:14.786+03:00", "chat": 1}}, {"model": "bitr24.messages", "pk": 224, "fields": {"message": "P", "date_msg": "2020-03-22T02:58:57.897+03:00", "chat": 1}}, {"model": "bitr24.messages", "pk": 225, "fields": {"message": "P", "date_msg": "2020-03-22T22:12:13.263+03:00", "chat": 2}}, {"model": "bitr24.messages", "pk": 226, "fields": {"message": "P", "date_msg": "2020-03-22T22:13:03.283+03:00", "chat": 1}}, {"model": "bitr24.messages", "pk": 227, "fields": {"message": "T", "date_msg": "2020-03-22T22:13:08.937+03:00", "chat": 1}}, {"model": "bitr24.messages", "pk": 228, "fields": {"message": "P", "date_msg": "2020-03-23T00:43:20.425+03:00", "chat": 2}}, {"model": "bitr24.messages", "pk": 229, "fields": {"message": "P", "date_msg": "2020-03-23T00:45:14.390+03:00", "chat": 1}}, {"model": "bitr24.messages", "pk": 230, "fields": {"message": "T", "date_msg": "2020-03-23T00:52:16.355+03:00", "chat": 2}}, {"model": "bitr24.messages", "pk": 231, "fields": {"message": "P", "date_msg": "2020-03-25T19:27:18.281+03:00", "chat": 2}}, {"model": "bitr24.messages", "pk": 232, "fields": {"message": "P", "date_msg": "2020-03-25T19:27:21.364+03:00", "chat": 2}}, {"model": "bitr24.messages", "pk": 233, "fields": {"message": "P", "date_msg": "2020-03-25T19:29:24.261+03:00", "chat": 2}}, {"model": "bitr24.messages", "pk": 234, "fields": {"message": "/AUTH-b1915", "date_msg": "2020-03-25T19:33:01.943+03:00", "chat": 2}}, {"model": "bitr24.messages", "pk": 235, "fields": {"message": "P", "date_msg": "2020-03-25T19:33:13.690+03:00", "chat": 2}}, {"model": "bitr24.messages", "pk": 236, "fields": {"message": "/AUTH", "date_msg": "2020-03-25T19:34:22.128+03:00", "chat": 2}}, {"model": "bitr24.messages", "pk": 237, "fields": {"message": "/AUTH-3591", "date_msg": "2020-03-25T19:34:55.694+03:00", "chat": 2}}, {"model": "bitr24.messages", "pk": 238, "fields": {"message": "P", "date_msg": "2020-03-25T19:35:01.801+03:00", "chat": 2}}, {"model": "bitr24.messages", "pk": 239, "fields": {"message": "/AUTH-6699", "date_msg": "2020-03-25T19:35:44.707+03:00", "chat": 2}}, {"model": "bitr24.messages", "pk": 240, "fields": {"message": "P", "date_msg": "2020-03-25T19:35:49.008+03:00", "chat": 2}}, {"model": "bitr24.messages", "pk": 241, "fields": {"message": "P", "date_msg": "2020-03-25T19:43:45.366+03:00", "chat": 2}}, {"model": "bitr24.messages", "pk": 242, "fields": {"message": "P", "date_msg": "2020-03-25T19:43:48.211+03:00", "chat": 2}}, {"model": "bitr24.messages", "pk": 243, "fields": {"message": "P", "date_msg": "2020-03-25T19:43:53.084+03:00", "chat": 2}}, {"model": "bitr24.messages", "pk": 244, "fields": {"message": "P", "date_msg": "2020-03-25T19:44:18.199+03:00", "chat": 2}}, {"model": "bitr24.messages", "pk": 245, "fields": {"message": "T", "date_msg": "2020-03-25T19:44:22.805+03:00", "chat": 2}}, {"model": "bitr24.messages", "pk": 246, "fields": {"message": "/L", "date_msg": "2020-03-25T19:44:49.030+03:00", "chat": 1}}, {"model": "bitr24.messages", "pk": 247, "fields": {"message": "P", "date_msg": "2020-03-25T19:45:00.609+03:00", "chat": 1}}, {"model": "bitr24.messages", "pk": 248, "fields": {"message": "P", "date_msg": "2020-05-07T01:09:00.348+03:00", "chat": 2}}, {"model": "bitr24.messages", "pk": 249, "fields": {"message": "P", "date_msg": "2020-05-07T01:10:02.059+03:00", "chat": 2}}, {"model": "bitr24.messages", "pk": 250, "fields": {"message": "P", "date_msg": "2020-05-07T01:11:06.072+03:00", "chat": 2}}, {"model": "bitr24.messages", "pk": 251, "fields": {"message": "P", "date_msg": "2020-05-07T01:12:14.063+03:00", "chat": 2}}, {"model": "bitr24.messages", "pk": 252, "fields": {"message": "P", "date_msg": "2020-05-07T01:13:30.075+03:00", "chat": 2}}, {"model": "bitr24.messages", "pk": 253, "fields": {"message": "P", "date_msg": "2020-05-07T01:15:02.076+03:00", "chat": 2}}, {"model": "bitr24.messages", "pk": 254, "fields": {"message": "P", "date_msg": "2020-05-07T01:17:02.119+03:00", "chat": 2}}, {"model": "bitr24.messages", "pk": 255, "fields": {"message": "P", "date_msg": "2020-05-07T01:18:04.392+03:00", "chat": 2}}, {"model": "bitr24.messages", "pk": 256, "fields": {"message": "P", "date_msg": "2020-05-07T01:19:06.622+03:00", "chat": 2}}, {"model": "bitr24.messages", "pk": 257, "fields": {"message": "P", "date_msg": "2020-05-07T01:20:09.052+03:00", "chat": 2}}, {"model": "bitr24.messages", "pk": 258, "fields": {"message": "P", "date_msg": "2020-05-07T01:21:11.526+03:00", "chat": 2}}, {"model": "bitr24.messages", "pk": 259, "fields": {"message": "P", "date_msg": "2020-05-07T01:23:11.057+03:00", "chat": 2}}, {"model": "bitr24.messages", "pk": 260, "fields": {"message": "P", "date_msg": "2020-05-07T01:24:42.395+03:00", "chat": 2}}, {"model": "bitr24.messages", "pk": 261, "fields": {"message": "/AUTH-6b415", "date_msg": "2020-05-07T01:25:42.221+03:00", "chat": 2}}, {"model": "bitr24.messages", "pk": 262, "fields": {"message": "T", "date_msg": "2020-05-07T01:25:56.922+03:00", "chat": 2}}, {"model": "bitr24.messages", "pk": 263, "fields": {"message": "T", "date_msg": "2020-05-07T01:26:58.945+03:00", "chat": 2}}, {"model": "bitr24.messages", "pk": 264, "fields": {"message": "/L", "date_msg": "2020-05-07T01:27:40.368+03:00", "chat": 2}}, {"model": "bitr24.messages", "pk": 265, "fields": {"message": "/L", "date_msg": "2020-05-07T01:27:44.549+03:00", "chat": 2}}, {"model": "bitr24.messages", "pk": 266, "fields": {"message": "/L", "date_msg": "2020-05-07T01:27:50.473+03:00", "chat": 2}}, {"model": "bitr24.messages", "pk": 267, "fields": {"message": "/L", "date_msg": "2020-05-07T01:28:00.406+03:00", "chat": 2}}, {"model": "bitr24.messages", "pk": 268, "fields": {"message": "/L", "date_msg": "2020-05-07T01:28:18.226+03:00", "chat": 2}}, {"model": "bitr24.messages", "pk": 269, "fields": {"message": "/L", "date_msg": "2020-05-07T01:28:52.177+03:00", "chat": 2}}, {"model": "bitr24.messages", "pk": 270, "fields": {"message": "P", "date_msg": "2020-05-07T01:29:52.432+03:00", "chat": 2}}, {"model": "bitr24.messages", "pk": 271, "fields": {"message": "/L", "date_msg": "2020-05-07T01:30:52.427+03:00", "chat": 2}}, {"model": "bitr24.messages", "pk": 272, "fields": {"message": "P", "date_msg": "2020-05-07T01:31:52.472+03:00", "chat": 2}}, {"model": "bitr24.messages", "pk": 273, "fields": {"message": "/L", "date_msg": "2020-05-07T01:32:52.448+03:00", "chat": 2}}, {"model": "bitr24.messages", "pk": 274, "fields": {"message": "P", "date_msg": "2020-05-07T01:34:37.739+03:00", "chat": 2}}, {"model": "bitr24.messages", "pk": 275, "fields": {"message": "/L", "date_msg": "2020-05-07T01:34:40.362+03:00", "chat": 2}}, {"model": "bitr24.messages", "pk": 276, "fields": {"message": "P", "date_msg": "2020-05-07T01:35:39.761+03:00", "chat": 2}}, {"model": "bitr24.messages", "pk": 277, "fields": {"message": "/L", "date_msg": "2020-05-07T01:35:42.380+03:00", "chat": 2}}, {"model": "bitr24.messages", "pk": 278, "fields": {"message": "P", "date_msg": "2020-05-07T01:36:41.861+03:00", "chat": 2}}, {"model": "bitr24.messages", "pk": 279, "fields": {"message": "/L", "date_msg": "2020-05-07T01:36:48.082+03:00", "chat": 2}}, {"model": "bitr24.messages", "pk": 280, "fields": {"message": "\u041b\u0438\u0434\u044b", "date_msg": "2020-05-07T01:38:03.728+03:00", "chat": 2}}, {"model": "bitr24.messages", "pk": 281, "fields": {"message": "\u041b\u0438\u0434\u044b", "date_msg": "2020-05-07T01:38:07.281+03:00", "chat": 2}}, {"model": "bitr24.messages", "pk": 282, "fields": {"message": "\u041b\u0438\u0434\u044b", "date_msg": "2020-05-07T01:38:12.924+03:00", "chat": 2}}, {"model": "bitr24.messages", "pk": 283, "fields": {"message": "\u041b\u0438\u0434\u044b", "date_msg": "2020-05-07T01:38:22.501+03:00", "chat": 2}}, {"model": "bitr24.messages", "pk": 284, "fields": {"message": "\u041b\u0438\u0434\u044b", "date_msg": "2020-05-07T01:38:40.112+03:00", "chat": 2}}, {"model": "bitr24.messages", "pk": 285, "fields": {"message": "\u041b\u0438\u0434\u044b", "date_msg": "2020-05-07T01:40:12.082+03:00", "chat": 2}}, {"model": "bitr24.messages", "pk": 286, "fields": {"message": "P", "date_msg": "2020-05-07T01:43:24.070+03:00", "chat": 2}}, {"model": "bitr24.messages", "pk": 287, "fields": {"message": "/AUTH-c9415", "date_msg": "2020-05-07T01:44:23.483+03:00", "chat": 2}}, {"model": "bitr24.messages", "pk": 288, "fields": {"message": "P", "date_msg": "2020-05-07T01:46:24.486+03:00", "chat": 1}}, {"model": "bitr24.messages", "pk": 289, "fields": {"message": "/AUTH-9241", "date_msg": "2020-05-07T01:47:44.998+03:00", "chat": 1}}, {"model": "bitr24.messages", "pk": 290, "fields": {"message": "P", "date_msg": "2020-05-07T01:53:21.788+03:00", "chat": 1}}, {"model": "bitr24.messages", "pk": 291, "fields": {"message": "T", "date_msg": "2020-05-07T01:54:13.058+03:00", "chat": 1}}, {"model": "bitr24.messages", "pk": 292, "fields": {"message": "T", "date_msg": "2020-05-07T01:55:14.801+03:00", "chat": 1}}, {"model": "bitr24.messages", "pk": 293, "fields": {"message": "P", "date_msg": "2020-05-07T01:59:59.284+03:00", "chat": 2}}, {"model": "bitr24.messages", "pk": 294, "fields": {"message": "P", "date_msg": "2020-05-07T02:16:48.473+03:00", "chat": 3}}, {"model": "bitr24.messages", "pk": 295, "fields": {"message": "/start", "date_msg": "2020-05-07T02:17:01.696+03:00", "chat": 3}}, {"model": "bitr24.messages", "pk": 296, "fields": {"message": "/start", "date_msg": "2020-05-07T02:18:13.234+03:00", "chat": 3}}, {"model": "bitr24.messages", "pk": 297, "fields": {"message": "/AUTH-a259", "date_msg": "2020-05-07T02:18:24.381+03:00", "chat": 3}}, {"model": "bitr24.messages", "pk": 298, "fields": {"message": "P", "date_msg": "2020-05-07T02:18:48.843+03:00", "chat": 3}}, {"model": "bitr24.messages", "pk": 299, "fields": {"message": "P", "date_msg": "2020-05-07T02:19:51.360+03:00", "chat": 3}}, {"model": "bitr24.messages", "pk": 300, "fields": {"message": "P", "date_msg": "2020-05-07T02:20:55.427+03:00", "chat": 3}}, {"model": "bitr24.messages", "pk": 301, "fields": {"message": "P", "date_msg": "2020-05-07T02:22:23.849+03:00", "chat": 4}}, {"model": "bitr24.messages", "pk": 302, "fields": {"message": "/AUTH-e659", "date_msg": "2020-05-07T02:23:25.006+03:00", "chat": 4}}, {"model": "bitr24.messages", "pk": 303, "fields": {"message": "/AUTH-e659", "date_msg": "2020-05-07T02:24:27.694+03:00", "chat": 4}}, {"model": "bitr24.messages", "pk": 304, "fields": {"message": "P", "date_msg": "2020-05-07T02:25:27.962+03:00", "chat": 4}}, {"model": "bitr24.messages", "pk": 305, "fields": {"message": "/AUTH-e659", "date_msg": "2020-05-07T02:25:32.057+03:00", "chat": 4}}, {"model": "bitr24.messages", "pk": 306, "fields": {"message": "/AUTH-e659", "date_msg": "2020-05-07T02:26:40.662+03:00", "chat": 4}}, {"model": "bitr24.messages", "pk": 307, "fields": {"message": "L", "date_msg": "2020-05-07T02:27:40.911+03:00", "chat": 3}}, {"model": "bitr24.messages", "pk": 308, "fields": {"message": "L", "date_msg": "2020-05-07T02:27:54.906+03:00", "chat": 3}}, {"model": "bitr24.messages", "pk": 309, "fields": {"message": "/AUTH-e659", "date_msg": "2020-05-07T02:28:05.686+03:00", "chat": 4}}, {"model": "bitr24.messages", "pk": 310, "fields": {"message": "/L Hi hi ---- 07 may))", "date_msg": "2020-05-07T02:28:10.427+03:00", "chat": 3}}, {"model": "bitr24.messages", "pk": 311, "fields": {"message": "P", "date_msg": "2020-05-07T02:30:31.880+03:00", "chat": 3}}, {"model": "bitr24.messages", "pk": 312, "fields": {"message": "P", "date_msg": "2020-05-07T02:30:39.236+03:00", "chat": 3}}, {"model": "bitr24.messages", "pk": 313, "fields": {"message": "P", "date_msg": "2020-05-07T02:55:50.505+03:00", "chat": 2}}, {"model": "bitr24.messages", "pk": 314, "fields": {"message": "P", "date_msg": "2020-05-07T02:56:52.133+03:00", "chat": 2}}, {"model": "bitr24.messages", "pk": 315, "fields": {"message": "/AUTH", "date_msg": "2020-05-07T02:57:40.691+03:00", "chat": 2}}, {"model": "bitr24.messages", "pk": 316, "fields": {"message": "/AUTH", "date_msg": "2020-05-07T02:58:42.636+03:00", "chat": 2}}, {"model": "bitr24.messages", "pk": 317, "fields": {"message": "/AUTH", "date_msg": "2020-05-07T02:58:59.713+03:00", "chat": 2}}, {"model": "bitr24.messages", "pk": 318, "fields": {"message": "/AUTH-9e59", "date_msg": "2020-05-07T03:00:29.168+03:00", "chat": 2}}, {"model": "bitr24.messages", "pk": 319, "fields": {"message": "T", "date_msg": "2020-05-07T03:01:11.182+03:00", "chat": 2}}, {"model": "bitr24.messages", "pk": 320, "fields": {"message": "P", "date_msg": "2020-05-07T03:01:59.725+03:00", "chat": 3}}, {"model": "bitr24.messages", "pk": 321, "fields": {"message": "P", "date_msg": "2020-05-07T03:03:01.641+03:00", "chat": 3}}, {"model": "bitr24.messages", "pk": 322, "fields": {"message": "P", "date_msg": "2020-05-07T03:04:05.723+03:00", "chat": 3}}]