[{"model": "si.planet", "pk": 1, "fields": {"name": "\u0410\u043b\u044c\u0434\u0435\u0440\u0430\u0430\u043d", "slug": "alderaan-1586894852"}}, {"model": "si.planet", "pk": 2, "fields": {"name": "\u042d\u043d\u0434\u043e\u0440", "slug": "endor-1586894933"}}, {"model": "si.planet", "pk": 3, "fields": {"name": "\u0422\u0430\u0442\u0443\u0438\u043d", "slug": "tatuin-1586894903"}}, {"model": "si.planet", "pk": 4, "fields": {"name": "\u0410\u043f\u0430\u0442\u0440\u043e\u0441", "slug": "apatros-1586894860"}}, {"model": "si.planet", "pk": 5, "fields": {"name": "\u041f\u0440\u0430\u043a\u0438\u0442", "slug": "prakit-1586894887"}}, {"model": "si.planet", "pk": 6, "fields": {"name": "\u041a\u043e\u0301\u0440\u0443\u0441\u0430\u043d\u0442", "slug": "korusant-1586894870"}}, {"model": "si.planet", "pk": 7, "fields": {"name": "\u042d\u043a\u0437\u0435\u0433\u043e\u043b", "slug": "ekzegol-1586894927"}}, {"model": "si.planet", "pk": 8, "fields": {"name": "\u0427\u0430\u043d\u0434\u0440\u0438\u043b\u0430", "slug": "chandrila-1586894920"}}, {"model": "si.planet", "pk": 9, "fields": {"name": "\u041b\u0443\u043d\u0430", "slug": "luna-1586894878"}}, {"model": "si.planet", "pk": 10, "fields": {"name": "\u041a\u043e\u0440\u0440\u0438\u0431\u0430\u043d", "slug": "korriban-1586894643"}}, {"model": "si.order", "pk": 1, "fields": {"name": "\u041f\u0435\u0440\u0432\u044b\u0439 \u043e\u0440\u0434\u0435\u043d", "code": "1-FIRST"}}, {"model": "si.order", "pk": 2, "fields": {"name": "\u0414\u0436\u0435\u0434\u0430\u0435\u0432", "code": "Jedi_777"}}, {"model": "si.order", "pk": 3, "fields": {"name": "\u0421\u0438\u0442\u0445\u043e\u0432", "code": "Dark_side_666"}}, {"model": "si.sith", "pk": 1, "fields": {"name": "\u0414\u0430\u0440\u0442 \u0410\u043d\u0434\u0435\u0434\u0434\u0443", "planet": 1, "order": 3, "slug": "\u0434\u0430\u0440\u0442-\u0430\u043d\u0434\u0435\u0434\u0434\u0443-1586895546"}}, {"model": "si.sith", "pk": 2, "fields": {"name": "\u0414\u0430\u0440\u0442 \u0411\u0435\u0439\u043d", "planet": 4, "order": 3, "slug": "\u0434\u0430\u0440\u0442-\u0431\u0435\u0439\u043d-1586895945"}}, {"model": "si.sith", "pk": 3, "fields": {"name": "\u0414\u0430\u0440\u0442 \u0412\u0435\u0439\u0434\u0435\u0440", "planet": 6, "order": 3, "slug": "dart-vejder-1586483349"}}, {"model": "si.sith", "pk": 4, "fields": {"name": "\u041b\u044e\u043a \u0421\u043a\u0430\u0439\u0443\u043e\u043a\u0435\u0440", "planet": 3, "order": 2, "slug": "lyuk-skajuoker-1586483382"}}, {"model": "si.sith", "pk": 5, "fields": {"name": "\u0419\u043e\u0434\u0430", "planet": 6, "order": 2, "slug": "\u0439\u043e\u0434\u0430-1586895934"}}, {"model": "si.sith", "pk": 6, "fields": {"name": "\u0414\u0430\u0440\u0442 \u0421\u0438\u0434\u0438\u0443\u0441", "planet": 6, "order": 3, "slug": "dart-sidius-1586895129"}}, {"model": "si.sith", "pk": 7, "fields": {"name": "\u0421\u043d\u043e\u0443\u043a", "planet": 7, "order": 1, "slug": "snouk-1586895212"}}, {"model": "si.sith", "pk": 8, "fields": {"name": "\u041a\u0430\u0439\u043b\u043e \u0420\u0435\u043d", "planet": 8, "order": 1, "slug": "kajlo-ren-1586895173"}}, {"model": "si.recruit", "pk": 1, "fields": {"name": "\u041c\u0430\u0440\u0430\u0442", "planet": 1, "age": 40, "email": "smg_2006@list.ru", "slug": "\u043c\u0430\u0440\u0430\u0442-1586902630", "answers": null, "sith": 5}}, {"model": "si.recruit", "pk": 2, "fields": {"name": "Vasya", "planet": 2, "age": 32, "email": "vasya35@mail.ru", "slug": "vasya-1586482644", "answers": null, "sith": 5}}, {"model": "si.recruit", "pk": 4, "fields": {"name": "Oleg", "planet": 4, "age": 25, "email": "oleg12@wert.tu", "slug": "oleg-1587155059", "answers": null, "sith": null}}, {"model": "si.recruit", "pk": 5, "fields": {"name": "\u0414\u043c\u0438\u0442\u0440\u0438\u0439", "planet": 6, "age": 37, "email": "Dmitr37@wert.tu", "slug": "\u0434\u043c\u0438\u0442\u0440\u0438\u0439-1587156536", "answers": null, "sith": null}}, {"model": "si.recruit", "pk": 7, "fields": {"name": "\u0420\u0435\u043d\u0430\u0442", "planet": 1, "age": 47, "email": "renat47@jffqw.ru", "slug": "\u0440\u0435\u043d\u0430\u0442-1587254957", "answers": null, "sith": null}}, {"model": "si.recruit", "pk": 8, "fields": {"name": "Andrey", "planet": 5, "age": 32, "email": "sds@dsd.re", "slug": "andrey-1587255024", "answers": "[13, 15, 7]", "sith": null}}, {"model": "si.test", "pk": 1, "fields": {"order": 2, "question": "\u0420\u0430\u0441\u0430 \u0441\u0443\u0449\u0435\u0441\u0442\u0432, \u043e\u0431\u0438\u0442\u0430\u044e\u0449\u0438\u0445 \u043d\u0430 \u043b\u0443\u043d\u0435 \u042d\u043d\u0434\u043e\u0440\u0430 \u2014 \u042d\u0432\u043e\u043a\u0438?", "slug": "jedi_777-1586544920"}}, {"model": "si.test", "pk": 2, "fields": {"order": 2, "question": "\u0414\u0430\u0440\u0442 \u0421\u0438\u0434\u0438\u0443\u0441 - \u043e\u043d \u0436\u0435 \u041f\u0430\u043b\u043f\u0430\u0442\u0438\u043d, \u043e\u043d \u0436\u0435 \u0418\u043c\u043f\u0435\u0440\u0430\u0442\u043e\u0440?", "slug": "jedi_777-1586545004"}}, {"model": "si.test", "pk": 3, "fields": {"order": 3, "question": "\u041f\u0440\u0430\u043a\u0438\u0442  \u2014 \u043f\u043b\u0430\u043d\u0435\u0442\u0430-\u043a\u0440\u0435\u043f\u043e\u0441\u0442\u044c, \u0440\u0430\u0441\u043f\u043e\u043b\u0430\u0433\u0430\u0432\u0448\u0430\u044f\u0441\u044f \u0432 \u043e\u0434\u043d\u043e\u0438\u043c\u0451\u043d\u043d\u043e\u0439 \u0441\u0438\u0441\u0442\u0435\u043c\u0435 \u042f\u0434\u0440\u0430?", "slug": "dark_side_666-1586545055"}}, {"model": "si.test", "pk": 4, "fields": {"order": 2, "question": "\u0414\u043e \u043f\u0435\u0440\u0435\u0445\u043e\u0434\u0430 \u043d\u0430 \u0422\u0435\u043c\u043d\u0443\u044e \u0441\u0442\u043e\u0440\u043e\u043d\u0443 \u0412\u0435\u0439\u0434\u0435\u0440 \u0431\u044b\u043b \u0434\u0436\u0435\u0434\u0430\u0435\u043c \u043f\u043e \u0438\u043c\u0435\u043d\u0438 \u042d\u043d\u0430\u043a\u0438\u043d?", "slug": "jedi_777-1586545080"}}, {"model": "si.test", "pk": 5, "fields": {"order": 3, "question": "\u0414\u0430\u0440\u0442 \u0412\u0435\u0439\u0434\u0435\u0440 \u2014 \u043e\u0442\u0435\u0446 \u041b\u044e\u043a\u0430 \u0421\u043a\u0430\u0439\u0443\u043e\u043a\u0435\u0440\u0430?", "slug": "dark_side_666-1586545095"}}, {"model": "si.test", "pk": 6, "fields": {"order": 2, "question": "\u041c\u0435\u043c\u0438\u0442 \u041d\u0430\u0434\u0438\u043b\u043b \u0431\u044b\u043b \u0443\u0432\u0430\u0436\u0430\u0435\u043c\u044b\u043c \u043c\u0430\u0441\u0442\u0435\u0440\u043e\u043c \u0434\u0436\u0435\u0434\u0430\u0435\u043c \u0432 \u041e\u0440\u0434\u0435\u043d\u0435 \u0434\u0436\u0435\u0434\u0430\u0435\u0432?", "slug": "jedi_777-1586545106"}}, {"model": "si.test", "pk": 7, "fields": {"order": 2, "question": "R2-D2 \u0440\u043e\u0431\u043e\u0442-\u043f\u044b\u043b\u0435\u0441\u043e\u0441?", "slug": "jedi_777-1586545117"}}, {"model": "si.test", "pk": 8, "fields": {"order": 1, "question": "\u0414\u043e\u043c \u043f\u0440\u0435\u043a\u0440\u0430\u0441\u043d\u043e\u0439 \u043f\u0440\u0438\u043d\u0446\u0435\u0441\u0441\u044b \u041b\u0435\u0438 \u041e\u0440\u0433\u0430\u043d\u044b, \u043c\u0438\u0440\u043d\u0430\u044f \u043f\u043b\u0430\u043d\u0435\u0442\u0430 \u0410\u043b\u044c\u0434\u0435\u0440\u0430\u0430\u043d?", "slug": "1-first-1586545127"}}, {"model": "si.test", "pk": 9, "fields": {"order": 3, "question": "\u041a\u0430\u043c\u0438\u043d\u043e - \u041f\u043b\u0430\u043d\u0435\u0442\u0430 \u0431\u0443\u0440\u044c, \u043f\u043e\u043a\u0440\u044b\u0442\u0430 \u043e\u043a\u0435\u0430\u043d\u043e\u043c, \u043a\u043e\u0442\u043e\u0440\u044b\u0439 \u0437\u0430\u0442\u043e\u043f\u0438\u043b \u043a\u043e\u043d\u0442\u0438\u043d\u0435\u043d\u0442\u044b \u0438\u0437-\u0437\u0430 \u0433\u043b\u043e\u0431\u0430\u043b\u044c\u043d\u043e\u0433\u043e \u0438\u0437\u043c\u0435\u043d\u0435\u043d\u0438\u044f \u043a\u043b\u0438\u043c\u0430\u0442\u0430?", "slug": "dark_side_666-1586545136"}}, {"model": "si.test", "pk": 10, "fields": {"order": 2, "question": "\u0414\u0436\u0435\u0434\u0430\u0438 \u2014 \u044d\u0442\u043e \u0442\u0435, \u043a\u0442\u043e \u0438\u0441\u043f\u043e\u043b\u044c\u0437\u0443\u0435\u0442 \u0421\u0438\u043b\u0443 \u0432\u043e \u0431\u043b\u0430\u0433\u043e?", "slug": "jedi_777-1586545149"}}, {"model": "si.test", "pk": 11, "fields": {"order": 2, "question": "C\u0438\u0442\u0445\u0438 - \u0441\u043b\u0443\u0436\u0438\u0442\u0435\u043b\u0438 \u0422\u0435\u043c\u043d\u043e\u0439 \u0441\u0442\u043e\u0440\u043e\u043d\u044b \u0421\u0438\u043b\u044b?", "slug": "jedi_777-1586545159"}}, {"model": "si.test", "pk": 12, "fields": {"order": 1, "question": "\u0414\u0430\u0440\u0442 \u0412\u0435\u0439\u0434\u0435\u0440 \u0434\u0435\u0434 \u041a\u0430\u0439\u043b\u043e \u0420\u0435\u043d?", "slug": "1-first-1586545170"}}, {"model": "si.test", "pk": 13, "fields": {"order": 1, "question": "\u0421\u044b\u043d \u0425\u0430\u043d\u0430 \u0421\u043e\u043b\u043e \u0438 \u041b\u0435\u0438 \u041e\u0440\u0433\u0430\u043d\u044b - \u041a\u0430\u0439\u043b\u043e \u0420\u0435\u043d?", "slug": "1-first-1586545179"}}, {"model": "si.test", "pk": 14, "fields": {"order": 1, "question": "\u041a\u0430\u0439\u043b\u043e \u0420\u0435\u043d \u0442\u0440\u0435\u043d\u0438\u0440\u043e\u0432\u0430\u043b\u0441\u044f \u043a\u0430\u043a \u0434\u0436\u0435\u0434\u0430\u0439 \u0443 \u0441\u0432\u043e\u0435\u0433\u043e \u0434\u044f\u0434\u0438 \u041b\u044e\u043a\u0430 \u0421\u043a\u0430\u0439\u0443\u043e\u043a\u0435\u0440\u0430?", "slug": "1-first-1586545191"}}, {"model": "si.test", "pk": 15, "fields": {"order": 1, "question": "\u041a\u0430\u0439\u043b\u043e \u0420\u0435\u043d (\u0411\u0435\u043d \u0421\u043e\u043b\u043e) \u043f\u0435\u0440\u0435\u0448\u0451\u043b \u043d\u0430 \u0422\u0451\u043c\u043d\u0443\u044e \u0441\u0442\u043e\u0440\u043e\u043d\u0443 \u0421\u0438\u043b\u044b?", "slug": "1-first-1586545202"}}, {"model": "si.test", "pk": 16, "fields": {"order": 1, "question": "\u041a\u0430\u0439\u043b\u043e \u0420\u0435\u043d  \u0441\u0442\u0430\u043b \u0412\u0435\u0440\u0445\u043e\u0432\u043d\u044b\u043c \u043b\u0438\u0434\u0435\u0440\u043e\u043c \u041f\u0435\u0440\u0432\u043e\u0433\u043e \u041e\u0440\u0434\u0435\u043d\u0430?", "slug": "1-first-1586545215"}}, {"model": "si.answer", "pk": 1, "fields": {"answer": "\u0414\u0430", "tests": [1, 2, 4, 6, 7, 10, 11, 8, 12, 13, 14, 15, 16, 3, 5, 9]}}, {"model": "si.answer", "pk": 2, "fields": {"answer": "\u041d\u0435\u0442", "tests": [1, 2, 4, 6, 7, 10, 11, 8, 12, 13, 14, 15, 16, 3, 5, 9]}}, {"model": "si.answer", "pk": 3, "fields": {"answer": "\u0420\u043e\u0431\u043e\u0442-\u0434\u0440\u043e\u0432\u043e\u0441\u0435\u043a", "tests": [7]}}, {"model": "si.answer", "pk": 4, "fields": {"answer": "\u0425\u043e\u0440\u043e\u0448\u0438\u0435 \u043f\u0430\u0440\u043d\u0438", "tests": [10, 11]}}, {"model": "si.answer", "pk": 5, "fields": {"answer": "\u041a\u0430\u043c\u0438\u043d\u043e", "tests": [1, 2, 4, 8, 12, 13, 3, 5]}}, {"model": "si.answer", "pk": 6, "fields": {"answer": "\u0410\u043b\u044c\u0434\u0435\u0440\u0430\u0430\u043d", "tests": [1, 2, 4, 6, 13, 3, 5, 9]}}, {"model": "si.answer", "pk": 7, "fields": {"answer": "\u041c\u0435\u043c\u0438\u0442 \u041d\u0430\u0434\u0438\u043b\u043b", "tests": [2, 12, 16, 5]}}, {"model": "si.answer", "pk": 8, "fields": {"answer": null, "tests": []}}]